Activity Name,Activity Type,Park ID,Park Name,Timings,Height Restrictions,URL,Location Lat,Location Lng
Meet Donald Duck in Mexico,Entertainment,80007838,EPCOT,"09:30:00 to 09:30:00, 10:00:00 to 10:00:00, 10:30:00 to 10:30:00, 11:00:00 to 11:00:00, 11:30:00 to 11:30:00, 12:00:00 to 12:00:00, 12:30:00 to 12:30:00, 14:10:00 to 14:10:00, 14:40:00 to 14:40:00, 15:10:00 to 15:10:00, 15:40:00 to 15:40:00, 16:10:00 to 16:10:00",,https://disneyworld.disney.go.com/entertainment/epcot/character-meet-donald-duck-mexico/,28.371185,-81.547297
Raglan Road Live Entertainment,Entertainment,80007798,,,,https://disneyworld.disney.go.com/entertainment/disney-springs/raglan-road-entertainment/,28.371143,-81.517783
Atlantic Dance Hall,Entertainment,80008259,Disney's BoardWalk,20:00:00 to 01:00:00,,https://disneyworld.disney.go.com/entertainment/boardwalk/atlantic-dance-hall/,28.367668,-81.5579
Meet Moana at Character Landing,Entertainment,80007823,Disney's Animal Kingdom Theme Park,"08:30:00 to 11:30:00, 13:30:00 to 15:45:00",,https://disneyworld.disney.go.com/entertainment/animal-kingdom/character-meet-moana-character-landing/,28.357086,-81.589374
Springs Overlook,Entertainment,10460,Disney Springs,,,https://disneyworld.disney.go.com/entertainment/disney-springs/springs-overlook/,28.370383,-81.517411
Command Performance,Entertainment,80007838,EPCOT,"15:00:00 to 15:00:00, 16:15:00 to 16:15:00, 17:30:00 to 17:30:00, 19:00:00 to 19:00:00, 20:00:00 to 20:00:00",,https://disneyworld.disney.go.com/entertainment/epcot/command-performance/,28.370535,-81.552498
Fireworks & Nighttime Entertainment,Entertainment,80007798,,,,https://disneyworld.disney.go.com/entertainment/fireworks/,,
Mickey's Magical Friendship Faire,Entertainment,80007944,Magic Kingdom Park,"10:00:00 to 10:00:00, 11:10:00 to 11:10:00, 12:50:00 to 12:50:00, 13:55:00 to 13:55:00, 16:00:00 to 16:00:00",,https://disneyworld.disney.go.com/entertainment/magic-kingdom/mickeys-magical-friendship-faire/,28.419169,-81.581204
Meet Edna Mode at the Edna Mode Experience,Entertainment,80007998,Disney's Hollywood Studios,09:00:00 to 17:00:00,any-height,https://disneyworld.disney.go.com/entertainment/hollywood-studios/character-meet-edna-mode-experience/,28.356086,-81.560742
Indiana Jones™ Epic Stunt Spectacular!,Entertainment,80007998,Disney's Hollywood Studios,"10:45:00 to 10:45:00, 12:00:00 to 12:00:00, 13:15:00 to 13:15:00, 15:15:00 to 15:15:00, 16:30:00 to 16:30:00",,https://disneyworld.disney.go.com/entertainment/hollywood-studios/indiana-jones-epic-stunt-spectacular/,28.3566701,-81.558611
Meet Figment Inside ImageWorks,Entertainment,80007838,EPCOT,"09:00:00 to 12:30:00, 13:45:00 to 15:45:00",,https://disneyworld.disney.go.com/entertainment/epcot/character-meet-figment/,28.372769,-81.55128
Disney Movie Magic,Entertainment,80007998,Disney's Hollywood Studios,20:40:00 to 20:40:00,,https://disneyworld.disney.go.com/entertainment/hollywood-studios/disney-movie-magic/,28.356965,-81.560425
For the First Time in Forever: A Frozen Sing-Along Celebration,Entertainment,80007998,Disney's Hollywood Studios,"09:30:00 to 09:30:00, 10:30:00 to 10:30:00, 11:30:00 to 11:30:00, 12:30:00 to 12:30:00, 13:30:00 to 13:30:00, 14:30:00 to 14:30:00, 15:30:00 to 15:30:00, 16:30:00 to 16:30:00, 17:30:00 to 17:30:00, 18:30:00 to 18:30:00",,https://disneyworld.disney.go.com/entertainment/hollywood-studios/frozen-sing-along-celebration/,28.3568243,-81.559694
Drawn to Life Presented by Cirque du Soleil® & Disney,Entertainment,10460,Disney Springs,"13:30:00 to 13:30:00, 16:00:00 to 16:00:00",any-height,https://disneyworld.disney.go.com/entertainment/disney-springs/cirque-du-soleil/,28.370719,-81.522536
Disney Junior Play and Dance!,Entertainment,80007998,Disney's Hollywood Studios,"09:55:00 to 09:55:00, 10:35:00 to 10:35:00, 11:15:00 to 11:15:00, 11:55:00 to 11:55:00, 12:35:00 to 12:35:00, 14:10:00 to 14:10:00, 14:50:00 to 14:50:00, 15:30:00 to 15:30:00, 16:15:00 to 16:15:00, 16:55:00 to 16:55:00",,https://disneyworld.disney.go.com/entertainment/hollywood-studios/disney-junior-play-dance/,28.357613,-81.560567
Jellyrolls,Entertainment,80008259,Disney's BoardWalk,19:00:00 to 01:45:00,,https://disneyworld.disney.go.com/entertainment/boardwalk/jellyrolls/,28.3673864,-81.557736
Meet Disney Friends Near EPCOT Main Entrance,Entertainment,80007838,EPCOT,,,https://disneyworld.disney.go.com/entertainment/epcot/character-meet-disney-pals-main-entrance/,28.375567,-81.549695
Meet Peter Pan in Fantasyland,Entertainment,80007798,,"11:35:00 to 11:35:00, 13:20:00 to 13:20:00, 14:20:00 to 14:20:00, 15:30:00 to 15:30:00, 16:25:00 to 16:25:00",,https://disneyworld.disney.go.com/entertainment/magic-kingdom/character-meet-peter-pan/,,
Meet Joy Inside ImageWorks,Entertainment,80007838,EPCOT,"10:30:00 to 14:00:00, 15:10:00 to 17:40:00",,https://disneyworld.disney.go.com/entertainment/epcot/character-meet-joy/,28.372649,-81.551259
Disney's Animal Kingdom Entertainment,Entertainment,80007823,Disney's Animal Kingdom Theme Park,,,https://disneyworld.disney.go.com/entertainment/animal-kingdom/new-dak-entertainment/,28.357994,-81.590597
Meet Ariel at Walt Disney Presents,Entertainment,80007998,Disney's Hollywood Studios,09:00:00 to 16:30:00,,https://disneyworld.disney.go.com/entertainment/hollywood-studios/character-meet-ariel-walt-disney-presents/,28.356945,-81.560998
EPCOT International Flower & Garden Festival – Garden Rocks Concert Series,Entertainment,80007838,EPCOT,"17:30:00 to 17:30:00, 18:45:00 to 18:45:00, 20:00:00 to 20:00:00",,https://disneyworld.disney.go.com/entertainment/epcot/flower-garden-rocks-concert-series/,28.36831,-81.549428
Star Wars Launch Bay: BB-8 Astromech on Duty,Entertainment,80007998,Disney's Hollywood Studios,10:00:00 to 18:00:00,,https://disneyworld.disney.go.com/entertainment/hollywood-studios/character-meet-b-b-8-star-wars-launch-bay/,28.3580201699138,-81.5610394270006
Meet Cinderella and a Visiting Princess at Princess Fairytale Hall,Entertainment,80007944,Magic Kingdom Park,09:00:00 to 21:00:00,,https://disneyworld.disney.go.com/entertainment/magic-kingdom/character-meet-princess-fantasyland/,28.420071,-81.580893
Meet Olaf at Celebrity Spotlight,Entertainment,80007998,Disney's Hollywood Studios,09:00:00 to 18:00:00,,https://disneyworld.disney.go.com/entertainment/hollywood-studios/character-meet-olaf-frozen/,28.356072,-81.559158
Meet Princess Jasmine in Morocco,Entertainment,80007838,EPCOT,"09:30:00 to 09:30:00, 10:45:00 to 10:45:00, 11:55:00 to 11:55:00, 13:50:00 to 13:50:00, 15:00:00 to 15:00:00",,https://disneyworld.disney.go.com/entertainment/epcot/character-meet-jasmine/,28.36798002,-81.5518429
Entertainment at Canada Mill Stage,Entertainment,80007838,EPCOT,"14:15:00 to 14:15:00, 15:30:00 to 15:30:00, 17:00:00 to 17:00:00, 18:15:00 to 18:15:00, 19:30:00 to 19:30:00",,https://disneyworld.disney.go.com/entertainment/epcot/canada-pavilion-entertainment/,28.371202,-81.551509
Let the Magic Begin,Entertainment,80007944,Magic Kingdom Park,07:55:00 to 07:55:00,,https://disneyworld.disney.go.com/entertainment/magic-kingdom/magic-kingdom-welcome/,28.419169,-81.581204
Meet Winnie the Pooh and Tigger at The Thotful Spot,Entertainment,80007944,Magic Kingdom Park,"10:00:00 to 10:00:00, 10:30:00 to 10:30:00, 11:00:00 to 11:00:00, 11:30:00 to 11:30:00, 12:00:00 to 12:00:00, 12:30:00 to 12:30:00, 13:00:00 to 13:00:00, 15:00:00 to 15:00:00, 15:30:00 to 15:30:00, 16:00:00 to 16:00:00, 16:30:00 to 16:30:00",,https://disneyworld.disney.go.com/entertainment/magic-kingdom/character-meet-winnie-tigger-fantasyland/,28.4201575,-81.580128
Meet Snow White in Germany,Entertainment,80007838,EPCOT,"09:30:00 to 09:30:00, 10:45:00 to 10:45:00, 11:55:00 to 11:55:00, 13:50:00 to 13:50:00, 15:00:00 to 15:00:00",,https://disneyworld.disney.go.com/entertainment/epcot/character-meet-snow-white/,28.368451,-81.546664
Festival of the Lion King,Entertainment,80007823,Disney's Animal Kingdom Theme Park,"10:00:00 to 10:00:00, 11:00:00 to 11:00:00, 12:00:00 to 12:00:00, 13:00:00 to 13:00:00, 14:00:00 to 14:00:00, 15:00:00 to 15:00:00, 16:00:00 to 16:00:00, 17:00:00 to 17:00:00, 18:00:00 to 18:00:00",,https://disneyworld.disney.go.com/entertainment/animal-kingdom/festival-of-the-lion-king/,28.35811,-81.592643
EPCOT International Festival of the Arts: DISNEY ON BROADWAY Concert Series,Entertainment,80007838,EPCOT,,,https://disneyworld.disney.go.com/entertainment/epcot/broadway-concert-series/,28.36831,-81.549428
Meet Alice in the United Kingdom,Entertainment,80007838,EPCOT,"09:00:00 to 09:00:00, 10:15:00 to 10:15:00, 11:25:00 to 11:25:00, 13:20:00 to 13:20:00, 14:30:00 to 14:30:00",,https://disneyworld.disney.go.com/entertainment/epcot/character-meet-alice-in-wonderland-uk/,28.370387,-81.551932
Character Greeting near Buzz Lightyear's Star Command,Entertainment,80007944,Magic Kingdom Park,,,,28.4178699,-81.5792335
Tam Tam Drummers of Harambe,Entertainment,80007823,Disney's Animal Kingdom Theme Park,"10:15:00 to 10:15:00, 11:15:00 to 11:15:00, 12:15:00 to 12:15:00, 13:15:00 to 13:15:00, 14:15:00 to 14:15:00, 15:15:00 to 15:15:00, 16:15:00 to 16:15:00",,https://disneyworld.disney.go.com/entertainment/animal-kingdom/tam-tam-congo/,28.35873,-81.591928
Finding Nemo: The Big Blue... and Beyond!,Entertainment,80007823,Disney's Animal Kingdom Theme Park,"11:00:00 to 11:00:00, 12:00:00 to 12:00:00, 13:00:00 to 13:00:00, 14:30:00 to 14:30:00, 15:30:00 to 15:30:00, 16:30:00 to 16:30:00",,https://disneyworld.disney.go.com/entertainment/animal-kingdom/finding-nemo-big-blue-and-beyond/,28.357401,-81.587455
JAMMitors,Entertainment,80007838,EPCOT,"09:30:00 to 09:30:00, 10:30:00 to 10:30:00, 11:30:00 to 11:30:00, 12:55:00 to 12:55:00, 13:55:00 to 13:55:00, 14:55:00 to 14:55:00",,https://disneyworld.disney.go.com/entertainment/epcot/jammitors/,28.373863,-81.549329
Meet Princess Tiana and a Visiting Princess at Princess Fairytale Hall,Entertainment,80007944,Magic Kingdom Park,09:00:00 to 21:00:00,,https://disneyworld.disney.go.com/entertainment/magic-kingdom/character-meet-princess-fairytale-hall/,28.4200458,-81.580917
Green Army Drum Corps,Entertainment,80007998,Disney's Hollywood Studios,"10:00:00 to 10:00:00, 11:00:00 to 11:00:00, 12:00:00 to 12:00:00, 14:00:00 to 14:00:00, 15:00:00 to 15:00:00, 16:00:00 to 16:00:00",,https://disneyworld.disney.go.com/entertainment/hollywood-studios/green-army-drum-corps/,28.355815,-81.562344
Meet Beloved Disney Pals at Disney and Pixar Short Film Festival,Entertainment,80007838,EPCOT,"10:00:00 to 14:00:00, 15:00:00 to 17:15:00",any-height,https://disneyworld.disney.go.com/entertainment/epcot/character-meet-mickey-minnie-mouse/,28.37263,-81.55115
Disney Springs Kids Club,Entertainment,10460,Disney Springs,,,https://disneyworld.disney.go.com/entertainment/disney-springs/disney-springs-kids-club/,28.37161,-81.518211
Beauty and the Beast – Live on Stage,Entertainment,80007998,Disney's Hollywood Studios,"11:00:00 to 11:00:00, 13:00:00 to 13:00:00, 14:00:00 to 14:00:00, 16:00:00 to 16:00:00, 17:00:00 to 17:00:00",,https://disneyworld.disney.go.com/entertainment/hollywood-studios/beauty-and-the-beast-live-on-stage/,28.3589163,-81.559599
Meet Dashing Disney Pals as Circus Stars at Pete's Silly Sideshow,Entertainment,80007944,Magic Kingdom Park,10:00:00 to 19:00:00,,https://disneyworld.disney.go.com/entertainment/magic-kingdom/character-meet-minnie-daisy/,28.421282,-81.578932
Meet Characters from Aladdin in Adventureland,Entertainment,80007944,Magic Kingdom Park,"10:40:00 to 10:40:00, 11:55:00 to 11:55:00, 13:55:00 to 13:55:00, 15:00:00 to 15:00:00",,https://disneyworld.disney.go.com/entertainment/magic-kingdom/character-meet-aladdin/,28.418658,-81.583513
Meet Disney Stars at Red Carpet Dreams,Entertainment,80007998,Disney's Hollywood Studios,09:00:00 to 20:00:00,,https://disneyworld.disney.go.com/entertainment/hollywood-studios/character-meet-mickey-minnie-red-carpet/,28.356068,-81.559479
Meet Mickey at Town Square Theater,Entertainment,80007944,Magic Kingdom Park,08:00:00 to 22:30:00,,https://disneyworld.disney.go.com/entertainment/magic-kingdom/character-meet-mickey-town-square/,28.416727,-81.580746
Disney® Visa® Cardmember Star Wars Photo Opportunity at Disney's Hollywood Studios,Entertainment,80007998,Disney's Hollywood Studios,11:00:00 to 16:00:00,,https://disneyworld.disney.go.com/entertainment/hollywood-studios/visa-cardmember-star-wars-character-experience/,28.358061,-81.560933
Splitsville Luxury Lanes™,Entertainment,10460,Disney Springs,11:00:00 to 23:00:00,,https://disneyworld.disney.go.com/entertainment/disney-springs/splitsville-entertainment/,28.370157,-81.521325
Disney Enchantment at Disney After Hours at Magic Kingdom,Entertainment,80007944,Magic Kingdom Park,00:00:00 to 23:59:00,,https://disneyworld.disney.go.com/entertainment/magic-kingdom/enchantment-fireworks-disney-after-hours/,28.419507,-81.581177
Donald's Dino-Bash!,Entertainment,80007823,Disney's Animal Kingdom Theme Park,,,https://disneyworld.disney.go.com/entertainment/animal-kingdom/donalds-dino-bash/,28.356385,-81.587919
Meet Asha Near World Showcase Plaza,Entertainment,80007838,EPCOT,"09:30:00 to 09:30:00, 10:45:00 to 10:45:00, 11:55:00 to 11:55:00, 13:50:00 to 13:50:00, 15:00:00 to 15:00:00",any-height,https://disneyworld.disney.go.com/entertainment/epcot/character-meet-asha/,28.3718773852161,-81.5488533162313
Meet Pixar Pals at Pixar Plaza,Entertainment,80007998,Disney's Hollywood Studios,,any-height,https://disneyworld.disney.go.com/entertainment/hollywood-studios/character-meet-pixar-pals/,28.3563769305406,-81.5609562845992
Meet a Friend from the Hundred Acre Wood in the United Kingdom,Entertainment,80007838,EPCOT,"09:00:00 to 09:00:00, 09:30:00 to 09:30:00, 10:00:00 to 10:00:00, 10:30:00 to 10:30:00, 11:00:00 to 11:00:00, 11:30:00 to 11:30:00, 12:00:00 to 12:00:00, 13:40:00 to 13:40:00, 14:10:00 to 14:10:00, 14:40:00 to 14:40:00, 15:10:00 to 15:10:00, 15:40:00 to 15:40:00",,https://disneyworld.disney.go.com/entertainment/epcot/character-meet-winnie-the-pooh/,28.3707205104,-81.5524162352
Star Wars Launch Bay: Encounter Darth Vader,Entertainment,80007998,Disney's Hollywood Studios,10:00:00 to 18:00:00,,https://disneyworld.disney.go.com/entertainment/hollywood-studios/character-meet-darth-vader-star-wars-launch-bay/,28.3581387982894,-81.5608885508893
Eat to the Beat Concert Series presented by Florida Blue Medicare,Entertainment,80007838,EPCOT,,,https://disneyworld.disney.go.com/entertainment/epcot/food-wine-eat-to-the-beat-concerts/,28.3682261910153,-81.5493872831897
Entertainment at Germany Gazebo,Entertainment,80007838,EPCOT,"12:40:00 to 12:40:00, 13:30:00 to 13:30:00, 14:35:00 to 14:35:00, 15:55:00 to 15:55:00, 17:00:00 to 17:00:00, 18:05:00 to 18:05:00",,https://disneyworld.disney.go.com/entertainment/epcot/germany-pavilion-entertainment/,28.368651,-81.546584
Disney Festival of Fantasy Parade,Entertainment,80007944,Magic Kingdom Park,"12:00:00 to 12:00:00, 15:00:00 to 15:00:00",,https://disneyworld.disney.go.com/entertainment/magic-kingdom/festival-fantasy-parade/,28.4189548,-81.581198
Feathered Friends in Flight!,Entertainment,80007823,Disney's Animal Kingdom Theme Park,"10:30:00 to 10:30:00, 11:30:00 to 11:30:00, 13:30:00 to 13:30:00, 14:30:00 to 14:30:00, 15:30:00 to 15:30:00",,https://disneyworld.disney.go.com/entertainment/animal-kingdom/feathered-friends/,28.358791,-81.590061
Meet Mulan in China,Entertainment,80007838,EPCOT,,,https://disneyworld.disney.go.com/entertainment/epcot/character-meet-mulan/,28.3698563364835,-81.5461904203374
Meet the Toys in Toy Story Land,Entertainment,80007998,Disney's Hollywood Studios,,,https://disneyworld.disney.go.com/entertainment/hollywood-studios/character-meet-woody-jessie-buzz-lightyear/,28.356184,-81.56207
Meet Ariel at Her Grotto,Entertainment,80007944,Magic Kingdom Park,10:00:00 to 19:00:00,,https://disneyworld.disney.go.com/entertainment/magic-kingdom/character-meet-ariel-grotto-fantasyland/,28.4208933,-81.579613
Mickey & Friends,Entertainment,80007798,,,,https://disneyworld.disney.go.com/entertainment/mickey-and-friends/,28.370176,-81.517283
Meet Disney Junior Pals in Animation Courtyard,Entertainment,80007998,Disney's Hollywood Studios,"09:30:00 to 09:30:00, 10:00:00 to 10:00:00, 10:30:00 to 10:30:00, 11:00:00 to 11:00:00, 11:30:00 to 11:30:00, 12:00:00 to 12:00:00, 12:30:00 to 12:30:00, 13:00:00 to 13:00:00, 13:30:00 to 13:30:00, 14:00:00 to 14:00:00, 14:30:00 to 14:30:00, 15:00:00 to 15:00:00, 15:30:00 to 15:30:00, 16:00:00 to 16:00:00, 16:30:00 to 16:30:00",,https://disneyworld.disney.go.com/entertainment/hollywood-studios/character-meet-disney-junior/,28.357822,-81.560658
Yehaa Bob Jackson at River Roost Lounge,Entertainment,80010397,Disney's Port Orleans Resort - Riverside,00:00:00 to 23:59:00,,https://disneyworld.disney.go.com/entertainment/port-orleans-resort-riverside/yehaa-bob-jackson-at-river-roost/,28.3864921,-81.5369
Fantasmic!,Entertainment,80007998,Disney's Hollywood Studios,"20:30:00 to 20:30:00, 22:00:00 to 22:00:00",,https://disneyworld.disney.go.com/entertainment/hollywood-studios/fantasmic/,28.3612252,-81.558233
Grand Floridian Lobby Pianist,Entertainment,80010384,Disney's Grand Floridian Resort & Spa,"15:00:00 to 15:00:00, 16:00:00 to 16:00:00, 17:00:00 to 17:00:00, 18:15:00 to 18:15:00, 19:15:00 to 19:15:00",,https://disneyworld.disney.go.com/entertainment/grand-floridian-resort-and-spa/grand-floridian-lobby-pianist/,28.4109537,-81.587711
Wonderful World of Animation,Entertainment,80007998,Disney's Hollywood Studios,21:00:00 to 21:00:00,,https://disneyworld.disney.go.com/entertainment/hollywood-studios/wonderful-world-of-animation/,28.356965,-81.560425
Sergio,Entertainment,80007838,EPCOT,00:00:00 to 23:59:00,,https://disneyworld.disney.go.com/entertainment/epcot/sergio-italian-juggler/,28.367692,-81.548249
Waterview Park,Entertainment,10460,Disney Springs,,,https://disneyworld.disney.go.com/entertainment/disney-springs/waterview-park/,28.37161,-81.518211
Disney Adventure Friends Cavalcade,Entertainment,80007944,Magic Kingdom Park,"17:10:00 to 17:10:00, 18:25:00 to 18:25:00",,https://disneyworld.disney.go.com/entertainment/magic-kingdom/disney-adventure-friends-cavalcade/,28.419507,-81.581177
First Order Searches for the Resistance,Entertainment,80007998,Disney's Hollywood Studios,"11:30:00 to 11:30:00, 12:30:00 to 12:30:00, 13:30:00 to 13:30:00, 14:30:00 to 14:30:00, 16:30:00 to 16:30:00, 17:30:00 to 17:30:00, 18:30:00 to 18:30:00",,https://disneyworld.disney.go.com/entertainment/hollywood-studios/first-order-searches-for-the-resistance/ ,28.354335,-81.562562
Music of Mexico,Entertainment,80007838,EPCOT,,,https://disneyworld.disney.go.com/entertainment/epcot/music-of-mexico/,28.370993,-81.547431
Animal Encounters: Winged Encounters – The Kingdom Takes Flight,Entertainment,80007823,Disney's Animal Kingdom Theme Park,"09:15:00 to 09:15:00, 10:15:00 to 10:15:00, 11:15:00 to 11:15:00, 13:15:00 to 13:15:00, 14:15:00 to 14:15:00, 15:15:00 to 15:15:00",,https://disneyworld.disney.go.com/entertainment/animal-kingdom/winged-encounters/,28.357339,-81.590462
Meet Daring Disney Pals as Circus Stars at Pete's Silly Sideshow,Entertainment,80007944,Magic Kingdom Park,10:00:00 to 19:00:00,,https://disneyworld.disney.go.com/entertainment/magic-kingdom/character-meet-goofy-donald/,28.421282,-81.578932
Pixar,Entertainment,80007798,,,,https://disneyworld.disney.go.com/entertainment/pixar/,28.370176,-81.517283
Meet Belle in France,Entertainment,80007838,EPCOT,"09:30:00 to 09:30:00, 10:45:00 to 10:45:00, 11:55:00 to 11:55:00, 13:50:00 to 13:50:00, 15:00:00 to 15:00:00",,https://disneyworld.disney.go.com/entertainment/epcot/character-meet-belle/,28.36876,-81.55212
Disney® Visa® Cardmember Photo Opportunity at EPCOT,Entertainment,80007838,EPCOT,13:00:00 to 18:30:00,,https://disneyworld.disney.go.com/entertainment/epcot/visa-card-character-experience/,28.37258,-81.550904
AdventHealth Waterside Stage,Entertainment,10460,Disney Springs,,,https://disneyworld.disney.go.com/entertainment/disney-springs/adventhealth-waterside-stage/,28.37179,-81.51529
Meet Princess Aurora in France,Entertainment,80007838,EPCOT,"09:00:00 to 09:00:00, 10:15:00 to 10:15:00, 11:25:00 to 11:25:00, 13:20:00 to 13:20:00, 14:30:00 to 14:30:00",,https://disneyworld.disney.go.com/entertainment/epcot/character-meet-aurora-france/,28.36922,-81.55286
Disney Princesses at Walt Disney World Resort,Entertainment,80007798,,,,https://disneyworld.disney.go.com/entertainment/princesses/,,
Viva Gaia Street Band!,Entertainment,80007823,Disney's Animal Kingdom Theme Park,"10:45:00 to 10:45:00, 11:45:00 to 11:45:00, 12:45:00 to 12:45:00, 14:00:00 to 14:00:00, 15:00:00 to 15:00:00, 16:00:00 to 16:00:00, 17:00:00 to 17:00:00",,https://disneyworld.disney.go.com/entertainment/animal-kingdom/viva-gaia-street-band/,28.357122,-81.589667
House of Blues,Entertainment,10460,Disney Springs,,,https://disneyworld.disney.go.com/entertainment/disney-springs/house-of-blues-shows/,28.370796,-81.521783
Meet Mirabel at Fairytale Garden – New!,Entertainment,80007944,Magic Kingdom Park,"09:00:00 to 09:00:00, 09:45:00 to 09:45:00, 10:30:00 to 10:30:00, 11:15:00 to 11:15:00, 12:00:00 to 12:00:00, 14:00:00 to 14:00:00, 14:45:00 to 14:45:00, 15:15:00 to 15:15:00, 15:45:00 to 15:45:00",,https://disneyworld.disney.go.com/entertainment/magic-kingdom/character-meet-mirabel/,28.4195985,-81.580264
Casey's Corner Pianist,Entertainment,80007944,Magic Kingdom Park,"10:50:00 to 10:50:00, 11:35:00 to 11:35:00, 13:35:00 to 13:35:00, 14:35:00 to 14:35:00, 15:40:00 to 15:40:00, 16:40:00 to 16:40:00, 17:30:00 to 17:30:00",,https://disneyworld.disney.go.com/entertainment/magic-kingdom/caseys-corner-pianist/,28.418112,-81.581421
Star Wars Launch Bay: Meet Chewbacca,Entertainment,80007998,Disney's Hollywood Studios,10:00:00 to 18:00:00,,https://disneyworld.disney.go.com/entertainment/hollywood-studios/character-meet-chewbacca-star-wars-launch-bay/,28.3580437948549,-81.5609857809673
Harambe Village Acrobats,Entertainment,80007823,Disney's Animal Kingdom Theme Park,"10:45:00 to 10:45:00, 11:45:00 to 11:45:00, 12:45:00 to 12:45:00, 13:45:00 to 13:45:00, 14:45:00 to 14:45:00, 15:45:00 to 15:45:00",,https://disneyworld.disney.go.com/entertainment/animal-kingdom/harambe-village-acrobats/,28.3591486373062,-81.5915742811563
Happily Ever After,Entertainment,80007944,Magic Kingdom Park,20:45:00 to 20:45:00,,https://disneyworld.disney.go.com/entertainment/magic-kingdom/happily-ever-after-fireworks/,28.419169,-81.581204
Meet Favorite Disney Pals at Adventurers Outpost,Entertainment,80007823,Disney's Animal Kingdom Theme Park,08:00:00 to 18:00:00,,https://disneyworld.disney.go.com/entertainment/animal-kingdom/character-meet-disney-pals-adventurers-outpost/,28.357972,-81.589796
The Dapper Dans,Entertainment,80007944,Magic Kingdom Park,"09:00:00 to 09:00:00, 09:50:00 to 09:50:00, 10:40:00 to 10:40:00, 11:25:00 to 11:25:00, 13:15:00 to 13:15:00, 14:00:00 to 14:00:00, 15:40:00 to 15:40:00",,https://disneyworld.disney.go.com/entertainment/magic-kingdom/dapper-dans/,28.4174102,-81.581217
AMC® Disney Springs 24 Dine-In Theatres,Entertainment,10460,Disney Springs,10:00:00 to 23:00:00,,https://disneyworld.disney.go.com/entertainment/disney-springs/amc-disney-springs-24/,28.37011,-81.520953
Voices of Liberty,Entertainment,80007838,EPCOT,"11:15:00 to 11:15:00, 12:00:00 to 12:00:00, 12:45:00 to 12:45:00, 13:30:00 to 13:30:00, 14:15:00 to 14:15:00, 15:00:00 to 15:00:00, 15:45:00 to 15:45:00",,https://disneyworld.disney.go.com/entertainment/epcot/voices-of-liberty/,28.367595,-81.549387
Meet Anna and Elsa at Royal Sommerhus,Entertainment,80007838,EPCOT,09:15:00 to 18:30:00,,https://disneyworld.disney.go.com/entertainment/epcot/character-meet-anna-elsa-royal-sommerhus/,28.37097,-81.547134
Electrical Water Pageant,Entertainment,80010392,The Campsites at Disney's Fort Wilderness Resort,20:25:00 to 22:30:00,,https://disneyworld.disney.go.com/entertainment/magic-kingdom/electrical-water-pageant/,28.409698,-81.571398
Rose & Crown Pub Musician,Entertainment,80007838,EPCOT,"13:30:00 to 13:30:00, 14:30:00 to 14:30:00, 16:00:00 to 16:00:00, 17:00:00 to 17:00:00, 18:00:00 to 18:00:00, 19:00:00 to 19:00:00",,https://disneyworld.disney.go.com/entertainment/epcot/rose-crown-pub-music/,28.370467,-81.551677
Matsuriza,Entertainment,80007838,EPCOT,"11:00:00 to 11:00:00, 12:00:00 to 12:00:00, 13:00:00 to 13:00:00, 14:00:00 to 14:00:00, 15:00:00 to 15:00:00, 16:00:00 to 16:00:00, 16:45:00 to 16:45:00",,https://disneyworld.disney.go.com/entertainment/epcot/matsuriza/,28.36786,-81.550389
Luminous The Symphony of Us – New!,Entertainment,80007838,EPCOT,21:00:00 to 21:00:00,,https://disneyworld.disney.go.com/entertainment/epcot/luminous-the-symphony-us/,28.370146,-81.549394
Frozen Ever After,Attraction,80007838,EPCOT,"08:30:00 to 09:00:00, 09:00:00 to 21:00:00",any-height,https://disneyworld.disney.go.com/attractions/epcot/frozen-ever-after/,28.370745,-81.54653
Summit Plummet,Attraction,80007834,Disney's Blizzard Beach Water Park,00:00:00 to 23:59:00,48-inches-122-cm-or-taller,https://disneyworld.disney.go.com/attractions/blizzard-beach/summit-plummet/,28.3519232056,-81.5758319199
Discovery Island Trails,Attraction,80007823,Disney's Animal Kingdom Theme Park,08:00:00 to 20:00:00,any-height,https://disneyworld.disney.go.com/attractions/animal-kingdom/discovery-island-trails/,28.3581032852655,-81.5911151562868
Expedition Everest - Legend of the Forbidden Mountain,Attraction,80007823,Disney's Animal Kingdom Theme Park,"07:30:00 to 08:00:00, 08:00:00 to 20:00:00",44-inches-112-cm-or-taller,https://disneyworld.disney.go.com/attractions/animal-kingdom/expedition-everest/,28.3584769119,-81.5873781396
Gangplank Falls,Attraction,80007981,Disney's Typhoon Lagoon Water Park,10:00:00 to 18:00:00,any-height,https://disneyworld.disney.go.com/attractions/typhoon-lagoon/gang-plank-falls/,28.3657380338,-81.5305508673
Butterflies - Disney Animals,Attraction,80007823,Disney's Animal Kingdom Theme Park,,any-height,https://disneyworld.disney.go.com/attractions/animal-kingdom/disney-animals-butterflies/,28.3649980475451,-81.5890323591127
Star Wars: Rise of the Resistance,Attraction,80007998,Disney's Hollywood Studios,"08:30:00 to 09:00:00, 09:00:00 to 21:30:00",40-inches-102-cm-or-taller,https://disneyworld.disney.go.com/attractions/hollywood-studios/star-wars-rise-of-the-resistance/,28.354884,-81.560457
Gran Fiesta Tour Starring The Three Caballeros,Attraction,80007838,EPCOT,09:00:00 to 21:00:00,any-height,https://disneyworld.disney.go.com/attractions/epcot/gran-fiesta-tour-starring-three-caballeros/,28.371649,-81.547368
Tree of Life,Attraction,80007823,Disney's Animal Kingdom Theme Park,,any-height,https://disneyworld.disney.go.com/attractions/animal-kingdom/tree-of-life/,28.357994,-81.590597
Mickey's PhilharMagic,Attraction,80007944,Magic Kingdom Park,"07:30:00 to 08:00:00, 08:00:00 to 23:00:00",any-height,https://disneyworld.disney.go.com/attractions/magic-kingdom/mickeys-philharmagic/,28.4200304909,-81.5814839853
Disney Fab 50 Character Collection,Attraction,80007944,Magic Kingdom Park,,any-height,https://disneyworld.disney.go.com/attractions/magic-kingdom/fab-50-character-collection/,28.4194549043,-81.5811809
Guardians of the Galaxy: Cosmic Rewind,Attraction,80007838,EPCOT,09:00:00 to 21:00:00,42-inches-107-cm-or-taller,https://disneyworld.disney.go.com/attractions/epcot/guardians-of-the-galaxy-cosmic-rewind,28.3749021961781,-81.5478397673417
Crush 'n' Gusher,Attraction,80007981,Disney's Typhoon Lagoon Water Park,10:00:00 to 18:00:00,48-inches-122-cm-or-taller,https://disneyworld.disney.go.com/attractions/typhoon-lagoon/crush-and-gusher/,28.3666932987,-81.5282974765
Avatar Flight of Passage,Attraction,80007823,Disney's Animal Kingdom Theme Park,"07:30:00 to 08:00:00, 08:00:00 to 20:00:00",44-inches-112-cm-or-taller,https://disneyworld.disney.go.com/attractions/animal-kingdom/avatar-flight-of-passage/,28.355554,-81.592147
Runoff Rapids,Attraction,80007834,Disney's Blizzard Beach Water Park,00:00:00 to 23:59:00,any-height,https://disneyworld.disney.go.com/attractions/blizzard-beach/runoff-rapids/,28.351462,-81.576098
Rhinos - Disney Animals,Attraction,80007823,Disney's Animal Kingdom Theme Park,,any-height,https://disneyworld.disney.go.com/attractions/animal-kingdom/disney-animals-white-black-rhinos/,28.359414,-81.592356
Storm Slides,Attraction,80007981,Disney's Typhoon Lagoon Water Park,10:00:00 to 18:00:00,any-height,https://disneyworld.disney.go.com/attractions/typhoon-lagoon/storm-slides/,28.366791097,-81.5304308189
The Twilight Zone Tower of Terror™,Attraction,80007998,Disney's Hollywood Studios,"08:30:00 to 09:00:00, 09:00:00 to 21:30:00",40-inches-102-cm-or-taller,https://disneyworld.disney.go.com/attractions/hollywood-studios/twilight-zone-tower-of-terror/,28.359553,-81.559772
Migratory Birds - Disney Animals,Attraction,80007823,Disney's Animal Kingdom Theme Park,,any-height,https://disneyworld.disney.go.com/attractions/animal-kingdom/disney-animals-migratory-birds/,28.355674,-81.590191
Disney Springs Art Walk: A Canvas of Expression,Attraction,10460,Disney Springs,,,https://disneyworld.disney.go.com/attractions/disney-springs/art-walk/,28.369968,-81.517103
Millennium Falcon: Smugglers Run,Attraction,80007998,Disney's Hollywood Studios,"08:30:00 to 09:00:00, 09:00:00 to 21:30:00",38-inches-97-cm-or-taller,https://disneyworld.disney.go.com/attractions/hollywood-studios/millennium-falcon-smugglers-run/,28.353889,-81.561689
Coca-Cola Polar Bear Photo Op Experience,Attraction,10460,Disney Springs,,any-height,https://disneyworld.disney.go.com/attractions/disney-springs/coca-cola-polar-bear-photo-opportunity/,28.369329,-81.519149
The Hall of Presidents,Attraction,80007944,Magic Kingdom Park,08:00:00 to 22:00:00,any-height,https://disneyworld.disney.go.com/attractions/magic-kingdom/hall-of-presidents/,28.4194484171,-81.5823248578
Rock 'n' Roller Coaster Starring Aerosmith,Attraction,80007998,Disney's Hollywood Studios,00:00:00 to 23:59:00,48-inches-122-cm-or-taller,https://disneyworld.disney.go.com/attractions/hollywood-studios/rock-and-roller-coaster-starring-aerosmith/,28.359712,-81.56059
Buzz Lightyear's Space Ranger Spin,Attraction,80007944,Magic Kingdom Park,"07:30:00 to 08:00:00, 08:00:00 to 23:00:00",any-height,https://disneyworld.disney.go.com/attractions/magic-kingdom/buzz-lightyear-space-ranger-spin/,28.4182868839,-81.5794086456
Downhill Double Dipper,Attraction,80007834,Disney's Blizzard Beach Water Park,00:00:00 to 23:59:00,48-inches-122-cm-or-taller,https://disneyworld.disney.go.com/attractions/blizzard-beach/downhill-double-dipper/,28.351215713,-81.5756836496
African Elephants - Disney Animals,Attraction,80007823,Disney's Animal Kingdom Theme Park,,any-height,https://disneyworld.disney.go.com/attractions/animal-kingdom/disney-animals-african-elephants/,28.359414,-81.592318
Marketplace Train Express,Attraction,10460,Disney Springs,10:00:00 to 23:00:00,any-height,https://disneyworld.disney.go.com/attractions/disney-springs/marketplace-train-express/,28.372459,-81.51473
Liberty Square Riverboat,Attraction,80007944,Magic Kingdom Park,11:00:00 to 19:00:00,any-height,https://disneyworld.disney.go.com/attractions/magic-kingdom/liberty-square-riverboat/,28.4195563399,-81.5827982677
Bruce's Shark World,Attraction,80007838,EPCOT,09:00:00 to 21:00:00,any-height,https://disneyworld.disney.go.com/attractions/epcot/bruces-shark-world/,28.375099,-81.551245451
Awesome Planet,Attraction,80007838,EPCOT,09:00:00 to 21:00:00,any-height,https://disneyworld.disney.go.com/attractions/epcot/the-land-awesome-planet/,28.374301,-81.552138
Sharks and Rays - Disney Animals,Attraction,80007838,EPCOT,,any-height,https://disneyworld.disney.go.com/attractions/epcot/disney-animals-sharks-and-rays/,28.375631,-81.550904
Star Tours – The Adventures Continue,Attraction,80007998,Disney's Hollywood Studios,"08:30:00 to 09:00:00, 09:00:00 to 21:30:00",40-inches-102-cm-or-taller,https://disneyworld.disney.go.com/attractions/hollywood-studios/star-tours/,28.355695,-81.558891
The Oasis Exhibits,Attraction,80007823,Disney's Animal Kingdom Theme Park,08:00:00 to 20:00:00,any-height,https://disneyworld.disney.go.com/attractions/animal-kingdom/oasis-exhibits/,28.355965,-81.59014
Stave Church Gallery,Attraction,80007838,EPCOT,09:00:00 to 21:00:00,any-height,https://disneyworld.disney.go.com/attractions/epcot/stave-church-gallery/,28.370621,-81.546971
Dumbo the Flying Elephant,Attraction,80007944,Magic Kingdom Park,"07:30:00 to 08:00:00, 08:00:00 to 23:00:00",any-height,https://disneyworld.disney.go.com/attractions/magic-kingdom/dumbo-the-flying-elephant/,28.420509033,-81.5789473057
African Lions - Disney Animals,Attraction,80007823,Disney's Animal Kingdom Theme Park,,any-height,https://disneyworld.disney.go.com/attractions/animal-kingdom/disney-animals-lions/,28.359414,-81.592273
Babirusas - Disney Animals,Attraction,80007823,Disney's Animal Kingdom Theme Park,,any-height,https://disneyworld.disney.go.com/attractions/animal-kingdom/disney-animals-babirusas,28.3561095970354,-81.5899304157241
Ski Patrol Training Camp,Attraction,80007834,Disney's Blizzard Beach Water Park,00:00:00 to 23:59:00,any-height,https://disneyworld.disney.go.com/attractions/blizzard-beach/ski-patrol-training-camp/,28.352258,-81.575348
Gallery of Arts and History,Attraction,80007838,EPCOT,09:00:00 to 21:00:00,any-height,https://disneyworld.disney.go.com/attractions/epcot/gallery-arts-and-history/,28.368236,-81.551612
Affection Section,Attraction,80007823,Disney's Animal Kingdom Theme Park,09:30:00 to 17:00:00,any-height,https://disneyworld.disney.go.com/attractions/animal-kingdom/affection-section/,28.3653458262,-81.5888520134
Hippopotamuses - Disney Animals,Attraction,80007823,Disney's Animal Kingdom Theme Park,,any-height,https://disneyworld.disney.go.com/attractions/animal-kingdom/disney-animals-hippos/,28.359414,-81.592199
EPCOT International Flower & Garden Festival - Topiaries,Attraction,80007838,EPCOT,,any-height,https://disneyworld.disney.go.com/attractions/epcot/flower-garden-topiaries/,28.371939491566557,-81.54942879960687
Haunted Mansion,Attraction,80007944,Magic Kingdom Park,08:00:00 to 23:00:00,any-height,https://disneyworld.disney.go.com/attractions/magic-kingdom/haunted-mansion/,28.4202,-81.58288
SeaBase,Attraction,80007838,EPCOT,"08:30:00 to 09:00:00, 09:00:00 to 21:00:00",any-height,https://disneyworld.disney.go.com/attractions/epcot/sea-base/,28.375098,-81.551211
African Birds - Disney Animals,Attraction,80007823,Disney's Animal Kingdom Theme Park,,any-height,https://disneyworld.disney.go.com/attractions/animal-kingdom/disney-animals-african-birds/,28.360227,-81.59354
Sea Turtles - Disney Animals,Attraction,80007838,EPCOT,,any-height,https://disneyworld.disney.go.com/attractions/epcot/disney-animals-sea-turtles/,28.375631,-81.550828
Star Wars: Datapad on Play Disney Parks Mobile App,Attraction,80007798,,,,https://disneyworld.disney.go.com/attractions/hollywood-studios/star-wars-galaxys-edge-play-app/,,
Vintage Amphicar Tours,Attraction,10460,Disney Springs,10:00:00 to 22:00:00,any-height,https://disneyworld.disney.go.com/attractions/disney-springs/boathouse-cruises/,28.37167,-81.517986
Snow Stormers,Attraction,80007834,Disney's Blizzard Beach Water Park,00:00:00 to 23:59:00,any-height,https://disneyworld.disney.go.com/attractions/blizzard-beach/snow-stormers/,28.3514397089,-81.5756890923
The American Adventure,Attraction,80007838,EPCOT,"11:45:00 to 11:45:00, 12:30:00 to 12:30:00, 13:15:00 to 13:15:00, 14:00:00 to 14:00:00, 14:45:00 to 14:45:00, 15:30:00 to 15:30:00, 16:30:00 to 16:30:00, 17:30:00 to 17:30:00, 18:30:00 to 18:30:00, 19:30:00 to 19:30:00",any-height,https://disneyworld.disney.go.com/attractions/epcot/american-adventure/,28.367517,-81.549446
Turtle Talk With Crush,Attraction,80007838,EPCOT,09:40:00 to 20:40:00,any-height,https://disneyworld.disney.go.com/attractions/epcot/turtle-talk-with-crush/,28.375255,-81.551047
Aerophile – The World Leader in Balloon Flight,Attraction,10460,Disney Springs,09:30:00 to 23:00:00,any-height,https://disneyworld.disney.go.com/attractions/disney-springs/aerophile-balloon-flight/,28.370954,-81.519473
Walt Disney's Enchanted Tiki Room,Attraction,80007944,Magic Kingdom Park,08:00:00 to 23:00:00,any-height,https://disneyworld.disney.go.com/attractions/magic-kingdom/enchanted-tiki-room/,28.4182264646,-81.583738382
Big Thunder Mountain Railroad,Attraction,80007944,Magic Kingdom Park,08:00:00 to 23:00:00,40-inches-102-cm-or-taller,https://disneyworld.disney.go.com/attractions/magic-kingdom/big-thunder-mountain-railroad/,28.4199638504,-81.5846422864
Cinderella Castle Mural of Memories,Attraction,80007944,Magic Kingdom Park,,,https://disneyworld.disney.go.com/attractions/magic-kingdom/mural-of-memories,28.418608,-81.581198
Bijutsu-kan Gallery,Attraction,80007838,EPCOT,09:00:00 to 21:00:00,any-height,https://disneyworld.disney.go.com/attractions/epcot/bijutsu-kan-gallery/,28.367309,-81.550525
Anteaters - Disney Animals,Attraction,80007823,Disney's Animal Kingdom Theme Park,,any-height,https://disneyworld.disney.go.com/attractions/animal-kingdom/disney-animals-anteaters,28.3561578052496,-81.5906228511836
Star Wars™ at Walt Disney World Resort,Attraction,80007998,Disney's Hollywood Studios,,,https://disneyworld.disney.go.com/attractions/hollywood-studios/star-wars/,,
Frontierland Shootin' Arcade,Attraction,80007944,Magic Kingdom Park,08:00:00 to 23:00:00,any-height,https://disneyworld.disney.go.com/attractions/magic-kingdom/frontierland-shootin-arcade/,28.4187637244,-81.5832274211
Disney’s DuckTales World Showcase Adventure,Attraction,80007838,EPCOT,09:00:00 to 21:00:00,any-height,https://disneyworld.disney.go.com/attractions/epcot/ducktales-play-app/,28.3707609,-81.552322
Fossil Fun Games,Attraction,80007823,Disney's Animal Kingdom Theme Park,09:30:00 to 18:00:00,any-height,https://disneyworld.disney.go.com/attractions/animal-kingdom/fossil-fun-games/,28.35677,-81.587961
Conservation Station,Attraction,80007823,Disney's Animal Kingdom Theme Park,09:30:00 to 17:00:00,any-height,https://disneyworld.disney.go.com/attractions/animal-kingdom/conservation-station/,28.36533,-81.58872
Space Mountain,Attraction,80007944,Magic Kingdom Park,"07:30:00 to 08:00:00, 08:00:00 to 23:00:00",44-inches-112-cm-or-taller,https://disneyworld.disney.go.com/attractions/magic-kingdom/space-mountain/,28.4188341691,-81.5781962872
Gibbons - Disney Animals,Attraction,80007823,Disney's Animal Kingdom Theme Park,,any-height,https://disneyworld.disney.go.com/attractions/animal-kingdom/disney-animals-gibbons/,28.359049,-81.58874
Mad Tea Party,Attraction,80007944,Magic Kingdom Park,"07:30:00 to 08:00:00, 08:00:00 to 23:00:00",any-height,https://disneyworld.disney.go.com/attractions/magic-kingdom/mad-tea-party/,28.4200230397,-81.5798248916
Canada Far and Wide in Circle-Vision 360,Attraction,80007838,EPCOT,09:00:00 to 21:00:00,any-height,https://disneyworld.disney.go.com/attractions/epcot/canada-far-and-wide/,28.371694,-81.55196
Toy Story Mania!,Attraction,80007998,Disney's Hollywood Studios,"08:30:00 to 09:00:00, 09:00:00 to 21:30:00",any-height,https://disneyworld.disney.go.com/attractions/hollywood-studios/toy-story-mania/,28.356404,-81.561894
Flamingos at Discovery Island - Disney Animals,Attraction,80007823,Disney's Animal Kingdom Theme Park,,any-height,https://disneyworld.disney.go.com/attractions/animal-kingdom/disney-animals-flamingos/,28.357587,-81.591099
Wilderness Explorers,Attraction,80007823,Disney's Animal Kingdom Theme Park,09:00:00 to 18:30:00,any-height,https://disneyworld.disney.go.com/attractions/animal-kingdom/wilderness-explorers/,28.356682,-81.590292
Advanced Training Lab,Attraction,80007838,EPCOT,12:00:00 to 18:00:00,any-height,https://disneyworld.disney.go.com/attractions/epcot/mission-space-advanced-training-lab/,28.374185,-81.547072
Mickey & Minnie's Runaway Railway,Attraction,80007998,Disney's Hollywood Studios,"08:30:00 to 09:00:00, 09:00:00 to 21:30:00",any-height,https://disneyworld.disney.go.com/attractions/hollywood-studios/mickey-minnies-runaway-railway/,28.3566783801,-81.5605667783
Test Track,Attraction,80007838,EPCOT,"08:30:00 to 09:00:00, 09:00:00 to 21:00:00",40-inches-102-cm-or-taller,https://disneyworld.disney.go.com/attractions/epcot/test-track/,28.373228,-81.547489
Wildlife Express Train,Attraction,80007823,Disney's Animal Kingdom Theme Park,09:30:00 to 16:30:00,any-height,https://disneyworld.disney.go.com/attractions/animal-kingdom/wildlife-express-train/,28.3598097347,-81.5914175464
American Heritage Gallery,Attraction,80007838,EPCOT,09:00:00 to 21:00:00,any-height,https://disneyworld.disney.go.com/attractions/epcot/american-heritage-gallery/,28.367517,-81.549469
Ketchakiddee Creek,Attraction,80007981,Disney's Typhoon Lagoon Water Park,10:00:00 to 18:00:00,48-inches-122-cm-or-shorter,https://disneyworld.disney.go.com/attractions/typhoon-lagoon/ketchakiddee-creek/,28.36507,-81.530505
Under the Sea - Journey of The Little Mermaid,Attraction,80007944,Magic Kingdom Park,"07:30:00 to 08:00:00, 08:00:00 to 23:00:00",any-height,https://disneyworld.disney.go.com/attractions/magic-kingdom/under-the-sea-journey-of-the-little-mermaid/,28.4211203,-81.579975
Star Wars Launch Bay Theater - Temporarily Unavailable,Attraction,80007998,Disney's Hollywood Studios,00:00:00 to 23:59:00,any-height,https://disneyworld.disney.go.com/attractions/hollywood-studios/theater-at-star-wars-launch-bay/,28.357821,-81.561061
Pirates at Walt Disney World Resort,Attraction,80007944,Magic Kingdom Park,,,https://disneyworld.disney.go.com/attractions/pirates/,,
Astro Orbiter,Attraction,80007944,Magic Kingdom Park,"07:30:00 to 08:00:00, 08:00:00 to 23:00:00",any-height,https://disneyworld.disney.go.com/attractions/magic-kingdom/astro-orbiter/,28.4184926179,-81.5789887902
Mexico Folk Art Gallery,Attraction,80007838,EPCOT,09:00:00 to 21:00:00,any-height,https://disneyworld.disney.go.com/attractions/epcot/mexican-folk-art-gallery/,28.371511,-81.54746
Toboggan Racers,Attraction,80007834,Disney's Blizzard Beach Water Park,00:00:00 to 23:59:00,any-height,https://disneyworld.disney.go.com/attractions/blizzard-beach/toboggan-racers/,28.351715,-81.575773
DINOSAUR,Attraction,80007823,Disney's Animal Kingdom Theme Park,"07:30:00 to 08:00:00, 08:00:00 to 20:00:00",40-inches-102-cm-or-taller,https://disneyworld.disney.go.com/attractions/animal-kingdom/dinosaur/,28.355307,-81.588444
Alien Swirling Saucers,Attraction,80007998,Disney's Hollywood Studios,"08:30:00 to 09:00:00, 09:00:00 to 21:30:00",32-inches-81-cm-or-taller,https://disneyworld.disney.go.com/attractions/hollywood-studios/alien-swirling-saucers/,28.355385,-81.562379
Castaway Creek,Attraction,80007981,Disney's Typhoon Lagoon Water Park,10:00:00 to 18:00:00,any-height,https://disneyworld.disney.go.com/attractions/typhoon-lagoon/castaway-creek/,28.3660367345,-81.5287544578
Bats - Disney Animals,Attraction,80007823,Disney's Animal Kingdom Theme Park,,any-height,https://disneyworld.disney.go.com/attractions/animal-kingdom/disney-animals-bats/,28.3596505545806,-81.589561814223
Gorillas - Disney Animals,Attraction,80007823,Disney's Animal Kingdom Theme Park,,any-height,https://disneyworld.disney.go.com/attractions/animal-kingdom/disney-animals-gorillas/,28.360758,-81.593059
House of the Whispering Willows,Attraction,80007838,EPCOT,09:00:00 to 21:00:00,any-height,https://disneyworld.disney.go.com/attractions/epcot/house-of-the-whispering-willows-gallery/,28.36999,-81.546334
Prince Charming Regal Carrousel,Attraction,80007944,Magic Kingdom Park,"07:30:00 to 08:00:00, 08:00:00 to 23:00:00",any-height,https://disneyworld.disney.go.com/attractions/magic-kingdom/prince-charming-regal-carrousel/,28.420169,-81.581255
Reflections of China,Attraction,80007838,EPCOT,09:00:00 to 21:00:00,any-height,https://disneyworld.disney.go.com/attractions/epcot/reflections-of-china/,28.369791,-81.546381
Typhoon Lagoon Surf Pool,Attraction,80007981,Disney's Typhoon Lagoon Water Park,10:00:00 to 18:00:00,any-height,https://disneyworld.disney.go.com/attractions/typhoon-lagoon/typhoon-lagoon-surf-pool/,28.3659144638,-81.5299641145
Maharajah Jungle Trek,Attraction,80007823,Disney's Animal Kingdom Theme Park,09:00:00 to 18:30:00,any-height,https://disneyworld.disney.go.com/attractions/animal-kingdom/maharajah-jungle-trek/,28.359379,-81.589019
The Magic Carpets of Aladdin,Attraction,80007944,Magic Kingdom Park,08:00:00 to 23:00:00,any-height,https://disneyworld.disney.go.com/attractions/magic-kingdom/magic-carpets-of-aladdin/,28.41843,-81.583472
Walt Disney World Railroad - Frontierland,Attraction,80007944,Magic Kingdom Park,09:00:00 to 19:00:00,any-height,https://disneyworld.disney.go.com/attractions/magic-kingdom/walt-disney-world-railroad-frontierland/,28.41969,-81.585078
TRON Lightcycle / Run,Attraction,80007944,Magic Kingdom Park,08:00:00 to 23:00:00,48-inches-122-cm-or-taller,https://disneyworld.disney.go.com/attractions/magic-kingdom/tron-lightcycle-run/,28.419625,-81.577985
Soarin' Around the World,Attraction,80007838,EPCOT,"08:30:00 to 09:00:00, 09:00:00 to 21:00:00",40-inches-102-cm-or-taller,https://disneyworld.disney.go.com/attractions/epcot/soarin-around-world/,28.373592,-81.552248
Na'vi River Journey,Attraction,80007823,Disney's Animal Kingdom Theme Park,"07:30:00 to 08:00:00, 08:00:00 to 20:00:00",any-height,https://disneyworld.disney.go.com/attractions/animal-kingdom/navi-river-journey/,28.355257,-81.591641
Vultures - Disney Animals,Attraction,80007823,Disney's Animal Kingdom Theme Park,,,https://disneyworld.disney.go.com/attractions/animal-kingdom/disney-animals-vultures/,28.357602,-81.590752
Frozen at Walt Disney World Resort,Attraction,80007838,EPCOT,,any-height,https://disneyworld.disney.go.com/attractions/frozen/,,
Invertebrates - Disney Animals,Attraction,80007823,Disney's Animal Kingdom Theme Park,,any-height,https://disneyworld.disney.go.com/attractions/animal-kingdom/disney-animals-invertebrates/,28.355478,-81.590128
Lemurs - Disney Animals,Attraction,80007823,Disney's Animal Kingdom Theme Park,,any-height,https://disneyworld.disney.go.com/attractions/animal-kingdom/disney-animals-lemurs/,28.357555,-81.590224
Keelhaul Falls,Attraction,80007981,Disney's Typhoon Lagoon Water Park,10:00:00 to 18:00:00,any-height,https://disneyworld.disney.go.com/attractions/typhoon-lagoon/keelhaul-falls/,28.3654943759,-81.5305106342
Lightning McQueen's Racing Academy,Attraction,80007998,Disney's Hollywood Studios,09:00:00 to 20:30:00,any-height,https://disneyworld.disney.go.com/attractions/hollywood-studios/lightning-mcqueens-racing-academy/,28.360035,-81.560707
Zebras - Disney Animals,Attraction,80007823,Disney's Animal Kingdom Theme Park,,any-height,https://disneyworld.disney.go.com/attractions/animal-kingdom/disney-animals-zebras/,28.355478,-81.590106
Walt Disney's Carousel of Progress,Attraction,80007944,Magic Kingdom Park,"07:30:00 to 08:00:00, 08:00:00 to 22:00:00",any-height,https://disneyworld.disney.go.com/attractions/magic-kingdom/walt-disney-carousel-of-progress/,28.4180310951,-81.5790083064
Reef Fish - Disney Animals,Attraction,80007838,EPCOT,,any-height,https://disneyworld.disney.go.com/attractions/animal-kingdom/disney-animals-reef-fish/,28.375631,-81.550795
Tom Sawyer Island,Attraction,80007944,Magic Kingdom Park,11:00:00 to 18:00:00,any-height,https://disneyworld.disney.go.com/attractions/magic-kingdom/tom-sawyer-island/,28.419503,-81.58428
Mayday Falls,Attraction,80007981,Disney's Typhoon Lagoon Water Park,10:00:00 to 18:00:00,any-height,https://disneyworld.disney.go.com/attractions/typhoon-lagoon/mayday-falls/,28.3656245494,-81.530521363
Ankole Cattle - Disney Animals,Attraction,80007823,Disney's Animal Kingdom Theme Park,,any-height,https://disneyworld.disney.go.com/attractions/animal-kingdom/disney-animals-ankole/,28.359414,-81.59224
Casey Jr. Splash 'N' Soak Station,Attraction,80007944,Magic Kingdom Park,08:00:00 to 23:00:00,any-height,https://disneyworld.disney.go.com/attractions/magic-kingdom/casey-jr-splash-n-soak-station/,28.4209221723,-81.5786757124
Kali River Rapids,Attraction,80007823,Disney's Animal Kingdom Theme Park,09:00:00 to 20:00:00,38-inches-97-cm-or-taller,https://disneyworld.disney.go.com/attractions/animal-kingdom/kali-river-rapids/,28.3587834288,-81.5889412165
Horses - Disney Animals,Attraction,80007944,Magic Kingdom Park,,any-height,https://disneyworld.disney.go.com/attractions/animal-kingdom/disney-animals-horses/,28.417436,-81.581216
Slinky Dog Dash,Attraction,80007998,Disney's Hollywood Studios,"08:30:00 to 09:00:00, 09:00:00 to 21:30:00",38-inches-97-cm-or-taller,https://disneyworld.disney.go.com/attractions/hollywood-studios/slinky-dog-dash/,28.356245,-81.562786
Miss Adventure Falls,Attraction,80007981,Disney's Typhoon Lagoon Water Park,10:00:00 to 18:00:00,any-height,https://disneyworld.disney.go.com/attractions/typhoon-lagoon/miss-adventure-falls/,28.366796,-81.528804
Disney Animals,Attraction,80007823,Disney's Animal Kingdom Theme Park,,any-height,https://disneyworld.disney.go.com/attractions/animal-kingdom/disney-animals/,28.355384,-81.590135
Journey Into Imagination With Figment,Attraction,80007838,EPCOT,09:00:00 to 21:00:00,any-height,https://disneyworld.disney.go.com/attractions/epcot/journey-into-imagination-with-figment/,28.372994,-81.551401
African Hogs - Disney Animals,Attraction,80007823,Disney's Animal Kingdom Theme Park,,any-height,https://disneyworld.disney.go.com/attractions/animal-kingdom/disney-animals-african-hogs/,28.359414,-81.592171
Okapis - Disney Animals,Attraction,80007823,Disney's Animal Kingdom Theme Park,,any-height,https://disneyworld.disney.go.com/attractions/animal-kingdom/disney-animals-okapis/,28.359414,-81.592171
Pirates of the Caribbean,Attraction,80007944,Magic Kingdom Park,08:00:00 to 23:00:00,any-height,https://disneyworld.disney.go.com/attractions/magic-kingdom/pirates-of-the-caribbean/,28.4179699,-81.584225
Beauty and the Beast Sing-Along,Attraction,80007838,EPCOT,10:00:00 to 18:30:00,any-height,https://disneyworld.disney.go.com/attractions/epcot/beauty-and-the-beast-sing-along/,28.368864,-81.552978
Country Bear Jamboree,Attraction,80007944,Magic Kingdom Park,00:00:00 to 23:59:00,any-height,https://disneyworld.disney.go.com/attractions/magic-kingdom/country-bear-jamboree/,28.4187861348,-81.5837222887
Vacation Fun - An Original Animated Short with Mickey & Minnie,Attraction,80007998,Disney's Hollywood Studios,09:00:00 to 20:30:00,any-height,https://disneyworld.disney.go.com/attractions/hollywood-studios/vacation-fun/,28.356316,-81.559031
Melt-Away Bay,Attraction,80007834,Disney's Blizzard Beach Water Park,00:00:00 to 23:59:00,any-height,https://disneyworld.disney.go.com/attractions/blizzard-beach/melt-away-bay/,28.3513855054,-81.5745799793
Tomorrowland Speedway,Attraction,80007944,Magic Kingdom Park,"07:30:00 to 08:00:00, 08:00:00 to 23:00:00",32-inches-81-cm-or-taller,https://disneyworld.disney.go.com/attractions/magic-kingdom/tomorrowland-speedway/,28.419368,-81.579302
Jungle Cruise,Attraction,80007944,Magic Kingdom Park,08:00:00 to 23:00:00,any-height,https://disneyworld.disney.go.com/attractions/magic-kingdom/jungle-cruise/,28.41797818,-81.5834393157
Walt Disney World Railroad - Fantasyland,Attraction,80007944,Magic Kingdom Park,09:00:00 to 19:00:00,any-height,https://disneyworld.disney.go.com/attractions/magic-kingdom/walt-disney-world-railroad-fantasyland/,28.420934,-81.578368
Humunga Kowabunga,Attraction,80007981,Disney's Typhoon Lagoon Water Park,10:00:00 to 18:00:00,48-inches-122-cm-or-taller,https://disneyworld.disney.go.com/attractions/typhoon-lagoon/humunga-kowabunga/,28.3665795566,-81.5303215741
Impressions de France,Attraction,80007838,EPCOT,"08:30:00 to 09:00:00, 09:00:00 to 09:30:00, 19:00:00 to 20:45:00",any-height,https://disneyworld.disney.go.com/attractions/epcot/impressions-de-france/,28.368864,-81.552978
Kidcot Fun Stops,Attraction,80007838,EPCOT,10:00:00 to 21:00:00,any-height,https://disneyworld.disney.go.com/attractions/epcot/kidcot-fun-stops/,28.3676026,-81.549739
"Walt Disney World Railroad - Main Street, U.S.A.",Attraction,80007944,Magic Kingdom Park,09:00:00 to 19:00:00,any-height,https://disneyworld.disney.go.com/attractions/magic-kingdom/walt-disney-world-railroad/,28.416543,-81.581204
The Barnstormer,Attraction,80007944,Magic Kingdom Park,"07:30:00 to 08:00:00, 08:00:00 to 23:00:00",35-inches-89-cm-or-taller,https://disneyworld.disney.go.com/attractions/magic-kingdom/barnstormer-starring-great-goofini/,28.4207661576,-81.5783907473
Muppet*Vision 3D,Attraction,80007998,Disney's Hollywood Studios,09:00:00 to 20:30:00,any-height,https://disneyworld.disney.go.com/attractions/hollywood-studios/muppet-vision-3d/,28.3550644708,-81.5594643904
Peter Pan's Flight,Attraction,80007944,Magic Kingdom Park,"07:30:00 to 08:00:00, 08:00:00 to 23:00:00",any-height,https://disneyworld.disney.go.com/attractions/magic-kingdom/peter-pan-flight/,28.4202640272,-81.5818916811
Seven Dwarfs Mine Train,Attraction,80007944,Magic Kingdom Park,"07:30:00 to 08:00:00, 08:00:00 to 23:00:00",38-inches-97-cm-or-taller,https://disneyworld.disney.go.com/attractions/magic-kingdom/seven-dwarfs-mine-train/,28.42037,-81.58031
Enchanted Tales with Belle,Attraction,80007944,Magic Kingdom Park,10:30:00 to 19:30:00,any-height,https://disneyworld.disney.go.com/attractions/magic-kingdom/enchanted-tales-with-belle/,28.4209906,-81.58093
"ImageWorks - The ""What If"" Labs",Attraction,80007838,EPCOT,09:00:00 to 21:00:00,any-height,https://disneyworld.disney.go.com/attractions/epcot/imageworks/,28.372774,-81.551121
Manatees - Disney Animals,Attraction,80007838,EPCOT,,any-height,https://disneyworld.disney.go.com/attractions/epcot/disney-animals-manatees/,28.375631,-81.550828
Remy's Ratatouille Adventure,Attraction,80007838,EPCOT,"08:30:00 to 09:00:00, 09:00:00 to 21:00:00",any-height,https://disneyworld.disney.go.com/attractions/epcot/remys-ratatouille-adventure/,28.36825,-81.553097
Spaceship Earth,Attraction,80007838,EPCOT,"08:30:00 to 09:00:00, 09:00:00 to 21:00:00",any-height,https://disneyworld.disney.go.com/attractions/epcot/spaceship-earth/,28.375583,-81.549401
Tike's Peak,Attraction,80007834,Disney's Blizzard Beach Water Park,00:00:00 to 23:59:00,48-inches-122-cm-or-shorter,https://disneyworld.disney.go.com/attractions/blizzard-beach/tikes-peak/,28.3529402305,-81.5745699406
Cross Country Creek,Attraction,80007834,Disney's Blizzard Beach Water Park,00:00:00 to 23:59:00,any-height,https://disneyworld.disney.go.com/attractions/blizzard-beach/cross-country-creek/,28.3513399635,-81.5736767258
Meerkats - Disney Animals,Attraction,80007823,Disney's Animal Kingdom Theme Park,,any-height,https://disneyworld.disney.go.com/attractions/animal-kingdom/disney-animals-meerkats/,28.360758,-81.593059
It's Tough to be a Bug!,Attraction,80007823,Disney's Animal Kingdom Theme Park,"07:30:00 to 08:00:00, 08:00:00 to 20:00:00",any-height,https://disneyworld.disney.go.com/attractions/animal-kingdom/its-tough-to-be-a-bug/,28.357488,-81.590118
A Pirate's Adventure ~ Treasures of the Seven Seas,Attraction,80007944,Magic Kingdom Park,12:00:00 to 18:00:00,any-height,https://disneyworld.disney.go.com/attractions/magic-kingdom/pirates-adventures/,28.4183725,-81.584669
Cinderella Castle,Attraction,80007944,Magic Kingdom Park,08:00:00 to 23:00:00,,https://disneyworld.disney.go.com/attractions/magic-kingdom/cinderella-castle/,28.4194549043,-81.5811809
Gorilla Falls Exploration Trail,Attraction,80007823,Disney's Animal Kingdom Theme Park,08:30:00 to 18:30:00,any-height,https://disneyworld.disney.go.com/attractions/animal-kingdom/gorilla-falls-forest-exploration-trail/,28.359954,-81.592149
Marketplace Carousel,Attraction,10460,Disney Springs,10:00:00 to 23:00:00,any-height,https://disneyworld.disney.go.com/attractions/disney-springs/marketplace-carousel/,28.372854,-81.514925
Tomorrowland Transit Authority PeopleMover,Attraction,80007944,Magic Kingdom Park,"07:30:00 to 08:00:00, 08:00:00 to 23:00:00",any-height,https://disneyworld.disney.go.com/attractions/magic-kingdom/tomorrowland-transit-authority-peoplemover/,28.418155,-81.579033
The Animation Experience at Conservation Station,Attraction,80007823,Disney's Animal Kingdom Theme Park,"10:00:00 to 10:00:00, 10:45:00 to 10:45:00, 11:30:00 to 11:30:00, 12:15:00 to 12:15:00, 13:45:00 to 13:45:00, 14:30:00 to 14:30:00, 15:15:00 to 15:15:00, 16:00:00 to 16:00:00, 16:45:00 to 16:45:00",any-height,https://disneyworld.disney.go.com/attractions/animal-kingdom/animation-experience/,28.365188,-81.588669
Teamboat Springs,Attraction,80007834,Disney's Blizzard Beach Water Park,00:00:00 to 23:59:00,any-height,https://disneyworld.disney.go.com/attractions/blizzard-beach/teamboat-springs/,28.351967,-81.575911
Coral Reefs - Disney Animals,Attraction,80007838,EPCOT,,any-height,https://disneyworld.disney.go.com/attractions/epcot/disney-animals-coral-reefs/,28.375631,-81.550866
Living with the Land,Attraction,80007838,EPCOT,"08:30:00 to 09:00:00, 09:00:00 to 21:00:00",any-height,https://disneyworld.disney.go.com/attractions/epcot/living-with-the-land/,28.374245,-81.552301
Giraffes - Disney Animals,Attraction,80007823,Disney's Animal Kingdom Theme Park,,any-height,https://disneyworld.disney.go.com/attractions/animal-kingdom/disney-animals-giraffes/,28.359414,-81.59224
Slush Gusher,Attraction,80007834,Disney's Blizzard Beach Water Park,00:00:00 to 23:59:00,48-inches-122-cm-or-taller,https://disneyworld.disney.go.com/attractions/blizzard-beach/slush-gusher/,28.3518728427,-81.5757836401
The Many Adventures of Winnie the Pooh,Attraction,80007944,Magic Kingdom Park,"07:30:00 to 08:00:00, 08:00:00 to 23:00:00",any-height,https://disneyworld.disney.go.com/attractions/magic-kingdom/many-adventures-of-winnie-the-pooh/,28.420212,-81.580266
Leave A Legacy,Attraction,80007838,EPCOT,09:00:00 to 21:00:00,any-height,https://disneyworld.disney.go.com/attractions/epcot/leave-a-legacy/,28.37649778,-81.54940289
Asian Birds - Disney Animals,Attraction,80007823,Disney's Animal Kingdom Theme Park,,any-height,https://disneyworld.disney.go.com/attractions/animal-kingdom/disney-animals-asian-birds/,28.3598594408459,-81.5892225147874
Star Wars Launch Bay,Attraction,80007998,Disney's Hollywood Studios,10:00:00 to 18:00:00,any-height,https://disneyworld.disney.go.com/attractions/hollywood-studios/star-wars-launch-bay/,28.357849,-81.560996
Tiana's Bayou Adventure – Coming Summer 2024,Attraction,80007944,Magic Kingdom Park,,40-inches-102-cm-or-taller,https://disneyworld.disney.go.com/attractions/magic-kingdom/tianas-bayou-adventure/ ,28.419418,-81.58498
Tigers - Disney Animals,Attraction,80007823,Disney's Animal Kingdom Theme Park,,any-height,https://disneyworld.disney.go.com/attractions/animal-kingdom/disney-animals-asian-sumatran-tigers/,28.359943,-81.589736
Main Street Vehicles,Attraction,80007944,Magic Kingdom Park,,any-height,https://disneyworld.disney.go.com/attractions/magic-kingdom/main-street-vehicles/,28.4168698711,-81.5815081252
Star Wars Photo Opportunities,Attraction,80007798,,,,https://disneyworld.disney.go.com/attractions/hollywood-studios/star-wars-photo-opportunities/,,
Monsters Inc. Laugh Floor,Attraction,80007944,Magic Kingdom Park,09:00:00 to 22:00:00,any-height,https://disneyworld.disney.go.com/attractions/magic-kingdom/monsters-inc-laugh-floor/,28.4183977566,-81.5797358751
The Seas with Nemo & Friends,Attraction,80007838,EPCOT,"08:30:00 to 09:00:00, 09:00:00 to 21:00:00",any-height,https://disneyworld.disney.go.com/attractions/epcot/seas-with-nemo-and-friends/,28.374904,-81.550852
Dreamers Point – New!,Attraction,80007838,EPCOT,,any-height,https://disneyworld.disney.go.com/attractions/epcot/dreamers-point,28.374369354306555,-81.54939221991685
Mission: SPACE,Attraction,80007838,EPCOT,"08:30:00 to 09:00:00, 09:00:00 to 21:00:00",40-inches-102-cm-or-taller,https://disneyworld.disney.go.com/attractions/epcot/mission-space/,28.373927,-81.547156
Swiss Family Treehouse,Attraction,80007944,Magic Kingdom Park,08:00:00 to 23:00:00,any-height,https://disneyworld.disney.go.com/attractions/magic-kingdom/swiss-family-treehouse/,28.4184325517,-81.5827982677
TriceraTop Spin,Attraction,80007823,Disney's Animal Kingdom Theme Park,"07:30:00 to 08:00:00, 08:00:00 to 20:00:00",any-height,https://disneyworld.disney.go.com/attractions/animal-kingdom/tricera-top-spin/,28.356503,-81.588074
Disney and Pixar Short Film Festival,Attraction,80007838,EPCOT,09:00:00 to 21:00:00,any-height,https://disneyworld.disney.go.com/attractions/epcot/disney-pixar-short-film-festival/,28.37263,-81.55115
"Journey of Water, Inspired by Moana – New!",Attraction,80007838,EPCOT,"08:30:00 to 09:00:00, 09:00:00 to 21:00:00",any-height,https://disneyworld.disney.go.com/attractions/epcot/journey-of-water/,28.374691,-81.550378
Kilimanjaro Safaris,Attraction,80007823,Disney's Animal Kingdom Theme Park,08:15:00 to 19:00:00,any-height,https://disneyworld.disney.go.com/attractions/animal-kingdom/kilimanjaro-safaris/,28.359331,-81.59228
Project Tomorrow: Inventing the Wonders of the Future,Attraction,80007838,EPCOT,09:00:00 to 21:00:00,any-height,https://disneyworld.disney.go.com/attractions/epcot/project-tomorrow-inventing-the-wonders-of-the-future/,28.37476,-81.549401
The Boneyard,Attraction,80007823,Disney's Animal Kingdom Theme Park,09:00:00 to 20:00:00,any-height,https://disneyworld.disney.go.com/attractions/animal-kingdom/boneyard/,28.3566787564,-81.5884791864
Kangaroos - Disney Animals,Attraction,80007823,Disney's Animal Kingdom Theme Park,,any-height,https://disneyworld.disney.go.com/attractions/animal-kingdom/disney-animals-kangaroos/,28.357363003526,-81.5906622937138
Asian Small-Clawed Otters - Disney Animals,Attraction,80007823,Disney's Animal Kingdom Theme Park,,any-height,https://disneyworld.disney.go.com/attractions/animal-kingdom/disney-animals-asian-small-clawed-otters/,28.357331,-81.590983
Walt Disney Presents,Attraction,80007998,Disney's Hollywood Studios,09:00:00 to 20:30:00,any-height,https://disneyworld.disney.go.com/attractions/hollywood-studios/walt-disney-presents/,28.35686,-81.560982
Chairlift,Attraction,80007834,Disney's Blizzard Beach Water Park,00:00:00 to 23:59:00,32-inches-81-cm-or-taller,https://disneyworld.disney.go.com/attractions/blizzard-beach/chair-lift/,28.3521916073,-81.5742527498
Cotton-Top Tamarins - Disney Animals,Attraction,80007823,Disney's Animal Kingdom Theme Park,,any-height,https://disneyworld.disney.go.com/attractions/animal-kingdom/disney-animals-cotton-top-tamarins/,28.357901,-81.591501
Komodo Dragons - Disney Animals,Attraction,80007823,Disney's Animal Kingdom Theme Park,,any-height,https://disneyworld.disney.go.com/attractions/animal-kingdom/disney-animals-komodo-dragons/,28.35944,-81.589237
"""it's a small world""",Attraction,80007944,Magic Kingdom Park,"07:30:00 to 08:00:00, 08:00:00 to 23:00:00",any-height,https://disneyworld.disney.go.com/attractions/magic-kingdom/its-a-small-world/,28.4204816402,-81.5820392026
Bay Slides,Attraction,80007981,Disney's Typhoon Lagoon Water Park,10:00:00 to 18:00:00,60-inches-152-cm-or-shorter,https://disneyworld.disney.go.com/attractions/typhoon-lagoon/bay-slides/,28.365402,-81.529838
Dino-Sue,Attraction,80007823,Disney's Animal Kingdom Theme Park,08:00:00 to 20:00:00,any-height,https://disneyworld.disney.go.com/attractions/animal-kingdom/dino-sue/,28.355745,-81.588646
